{
  "item-states": [
    {
      "folded": false,
      "id": "mount-assets"
    },
    {
      "folded": false,
      "id": "29f52784-2fca-467b-92e7-8fd9ef8c57b7"
    },
    {
      "folded": false,
      "id": "b1c1735d-3123-422a-aea6-44a553393cc7"
    },
    {
      "folded": false,
      "id": "4734c20c-0db8-4eb2-92ea-e692f4d70934"
    },
    {
      "folded": false,
      "id": "7b81d4e8-ec84-4716-968d-500ac1d78a54"
    },
    {
      "folded": true,
      "id": "e9d1c951-2403-4c92-b84f-03fb7adafab4"
    },
    {
      "folded": true,
      "id": "2b4025fe-ec93-4f17-8534-2eeb5841658d"
    },
    {
      "folded": true,
      "id": "06ecfb77-13a7-401b-a45f-18873cf41f0f"
    }
  ]
}