{
  "version": "1.1.1",
  "windows": {
    "main": {
      "main": true,
      "url": "app://editor/index.html",
      "windowType": "dockable",
      "x": -8,
      "y": -8,
      "width": 1616,
      "height": 876,
      "layout": {
        "children": [
          {
            "children": [
              {
                "active": 0,
                "children": [
                  "hierarchy"
                ],
                "height": 226,
                "type": "panel",
                "width": 237
              },
              {
                "active": 0,
                "children": [
                  "assets"
                ],
                "height": 519,
                "type": "panel",
                "width": 237
              }
            ],
            "height": 748,
            "type": "dock-v",
            "width": 237
          },
          {
            "children": [
              {
                "children": [
                  {
                    "active": 0,
                    "children": [
                      "scene"
                    ],
                    "height": 479,
                    "type": "panel",
                    "width": 619
                  },
                  {
                    "active": 0,
                    "children": [
                      "node-library"
                    ],
                    "height": 479,
                    "type": "panel",
                    "width": 343
                  }
                ],
                "height": 479,
                "type": "dock-h",
                "width": 965
              },
              {
                "active": 0,
                "children": [
                  "console",
                  "timeline"
                ],
                "height": 266,
                "type": "panel",
                "width": 965
              }
            ],
            "height": 748,
            "type": "dock-v",
            "width": 965
          },
          {
            "active": 0,
            "children": [
              "inspector"
            ],
            "height": 748,
            "type": "panel",
            "width": 386
          }
        ],
        "type": "dock-h"
      },
      "panels": [
        "hierarchy",
        "node-library",
        "console",
        "timeline",
        "inspector",
        "assets",
        "scene"
      ]
    }
  },
  "panels": {
    "builder": {
      "x": 102,
      "y": 2,
      "width": 670,
      "height": 739
    }
  }
}