{
  "f8e6b000-5643-4b86-9080-aa680ce1f599": {
    "asset": 1542096186853,
    "meta": 1541500800000,
    "relativePath": "image"
  },
  "fc09f9bd-2cce-4605-b630-8145ef809ed6": {
    "asset": 1542096144801,
    "meta": 1541500800000,
    "relativePath": "misc"
  },
  "f6e6dd15-71d1-4ffe-ace7-24fd39942c05": {
    "asset": 1542096187161,
    "meta": 1541500800000,
    "relativePath": "obsolete"
  },
  "f743d2b6-b7ea-4c14-a55b-547ed4d0a045": {
    "asset": 1542096187174,
    "meta": 1541500800000,
    "relativePath": "particle"
  },
  "ae6c6c98-11e4-452f-8758-75f5c6a56e83": {
    "asset": 1542096186866,
    "meta": 1541500800000,
    "relativePath": "prefab"
  },
  "29f52784-2fca-467b-92e7-8fd9ef8c57b7": {
    "asset": 1544268004805,
    "meta": 1543460119787,
    "relativePath": "Scene"
  },
  "4734c20c-0db8-4eb2-92ea-e692f4d70934": {
    "asset": 1545386375904,
    "meta": 1543460119786,
    "relativePath": "Script"
  },
  "7b81d4e8-ec84-4716-968d-500ac1d78a54": {
    "asset": 1543479400192,
    "meta": 1543460119787,
    "relativePath": "Texture"
  },
  "2d2f792f-a40c-49bb-a189-ed176a246e49": {
    "asset": 1545385966440,
    "meta": 1545385966454,
    "relativePath": "Scene\\game.fire"
  },
  "06ecfb77-13a7-401b-a45f-18873cf41f0f": {
    "asset": 1543404684000,
    "meta": 1543460897952,
    "relativePath": "Texture\\game.plist"
  },
  "e9d1c951-2403-4c92-b84f-03fb7adafab4": {
    "asset": 1543404684000,
    "meta": 1543460897926,
    "relativePath": "Texture\\bg.png"
  },
  "2b4025fe-ec93-4f17-8534-2eeb5841658d": {
    "asset": 1543404684000,
    "meta": 1543460897928,
    "relativePath": "Texture\\game.png"
  },
  "fff20972-731c-4678-8422-fcd41d9c6bc4": {
    "asset": 1543479400192,
    "meta": 1543478084338,
    "relativePath": "resources"
  },
  "b1c1735d-3123-422a-aea6-44a553393cc7": {
    "asset": 1543833532037,
    "meta": 1543479660219,
    "relativePath": "prefab"
  },
  "3bb6aab4-9467-4056-aae2-2c367ee72ff1": {
    "asset": 1543833532033,
    "meta": 1543833532037,
    "relativePath": "prefab\\item.prefab"
  },
  "d702155c-f688-4001-80cb-a0b273957e33": {
    "asset": 1543839961679,
    "meta": 1543839966993,
    "relativePath": "Script\\item.js"
  },
  "1d60cf0c-4a8c-4586-8b48-4214a4e60129": {
    "asset": 1545384987430,
    "meta": 1545384987441,
    "relativePath": "Scene\\gameStar.fire"
  },
  "e851e89b-faa2-4484-bea6-5c01dd9f06e2": {
    "asset": 1541500800000,
    "meta": 1546845954538,
    "relativePath": "image\\default_btn_normal.png"
  },
  "71561142-4c83-4933-afca-cb7a17f67053": {
    "asset": 1541500800000,
    "meta": 1546845954534,
    "relativePath": "image\\default_btn_disabled.png"
  },
  "b43ff3c2-02bb-4874-81f7-f2dea6970f18": {
    "asset": 1541500800000,
    "meta": 1546845954552,
    "relativePath": "image\\default_btn_pressed.png"
  },
  "edd215b9-2796-4a05-aaf5-81f96c9281ce": {
    "asset": 1541500800000,
    "meta": 1546845954566,
    "relativePath": "image\\default_editbox_bg.png"
  },
  "d81ec8ad-247c-4e62-aa3c-d35c4193c7af": {
    "asset": 1541500800000,
    "meta": 1546845954568,
    "relativePath": "image\\default_panel.png"
  },
  "99170b0b-d210-46f1-b213-7d9e3f23098a": {
    "asset": 1541500800000,
    "meta": 1546845954584,
    "relativePath": "image\\default_progressbar_bg.png"
  },
  "cfef78f1-c8df-49b7-8ed0-4c953ace2621": {
    "asset": 1541500800000,
    "meta": 1546845954586,
    "relativePath": "image\\default_progressbar.png"
  },
  "567dcd80-8bf4-4535-8a5a-313f1caf078a": {
    "asset": 1541500800000,
    "meta": 1546845954601,
    "relativePath": "image\\default_radio_button_off.png"
  },
  "9d60001f-b5f4-4726-a629-2659e3ded0b8": {
    "asset": 1541500800000,
    "meta": 1546845954606,
    "relativePath": "image\\default_radio_button_on.png"
  },
  "4bab67cb-18e6-4099-b840-355f0473f890": {
    "asset": 1541500800000,
    "meta": 1546845954618,
    "relativePath": "image\\default_scrollbar_bg.png"
  },
  "617323dd-11f4-4dd3-8eec-0caf6b3b45b9": {
    "asset": 1541500800000,
    "meta": 1546845954631,
    "relativePath": "image\\default_scrollbar_vertical_bg.png"
  },
  "0291c134-b3da-4098-b7b5-e397edbe947f": {
    "asset": 1541500800000,
    "meta": 1546845954651,
    "relativePath": "image\\default_scrollbar.png"
  },
  "d6d3ca85-4681-47c1-b5dd-d036a9d39ea2": {
    "asset": 1541500800000,
    "meta": 1546845954638,
    "relativePath": "image\\default_scrollbar_vertical.png"
  },
  "0275e94c-56a7-410f-bd1a-fc7483f7d14a": {
    "asset": 1541500800000,
    "meta": 1546845954656,
    "relativePath": "image\\default_sprite_splash.png"
  },
  "6e056173-d285-473c-b206-40a7fff5386e": {
    "asset": 1541500800000,
    "meta": 1546845954667,
    "relativePath": "image\\default_sprite.png"
  },
  "73a0903d-d80e-4e3c-aa67-f999543c08f5": {
    "asset": 1541500800000,
    "meta": 1546845954682,
    "relativePath": "image\\default_toggle_checkmark.png"
  },
  "c25b9d50-c8fc-4d27-beeb-6e7c1f2e5c0f": {
    "asset": 1541500800000,
    "meta": 1546845954684,
    "relativePath": "image\\default_toggle_disabled.png"
  },
  "d29077ba-1627-4a72-9579-7b56a235340c": {
    "asset": 1541500800000,
    "meta": 1546845954706,
    "relativePath": "image\\default_toggle_normal.png"
  },
  "b181c1e4-0a72-4a91-bfb0-ae6f36ca60bd": {
    "asset": 1541500800000,
    "meta": 1546845954704,
    "relativePath": "image\\default_toggle_pressed.png"
  },
  "2be36297-9abb-4fee-8049-9ed5e271da8a": {
    "asset": 1541500800000,
    "meta": 1546845954722,
    "relativePath": "misc\\default_video.mp4"
  },
  "b8223619-7e38-47c4-841f-9160c232495a": {
    "asset": 1541500800000,
    "meta": 1546845954884,
    "relativePath": "obsolete\\atom.plist"
  },
  "b2687ac4-099e-403c-a192-ff477686f4f5": {
    "asset": 1541500800000,
    "meta": 1546845954882,
    "relativePath": "particle\\atom.plist"
  },
  "8a96b965-2dc0-4e03-aa90-3b79cb93b5b4": {
    "asset": 1541500800000,
    "meta": 1546845954736,
    "relativePath": "obsolete\\atom.png"
  },
  "d0a82d39-bede-46c4-b698-c81ff0dedfff": {
    "asset": 1541500800000,
    "meta": 1546845954755,
    "relativePath": "particle\\atom.png"
  },
  "972b9a4d-47ee-4c74-b5c3-61d8a69bc29f": {
    "asset": 1541500800000,
    "meta": 1546845954749,
    "relativePath": "prefab\\button.prefab"
  },
  "2c937608-2562-40ea-b264-7395df6f0cea": {
    "asset": 1541500800000,
    "meta": 1546845954751,
    "relativePath": "prefab\\canvas.prefab"
  },
  "61aeb05b-3b32-452b-8eed-2b76deeed554": {
    "asset": 1541500800000,
    "meta": 1546845954753,
    "relativePath": "prefab\\editbox.prefab"
  },
  "27756ebb-3d33-44b0-9b96-e858fadd4dd4": {
    "asset": 1541500800000,
    "meta": 1546845954760,
    "relativePath": "prefab\\label.prefab"
  },
  "785a442c-3ceb-45be-a46e-7317f625f3b9": {
    "asset": 1541500800000,
    "meta": 1546845954765,
    "relativePath": "prefab\\layout.prefab"
  },
  "ca8401fe-ad6e-41a8-bd46-8e3e4e9945be": {
    "asset": 1541500800000,
    "meta": 1546845954782,
    "relativePath": "prefab\\pageview.prefab"
  },
  "cd33edea-55f5-46c2-958d-357a01384a36": {
    "asset": 1541500800000,
    "meta": 1546845954768,
    "relativePath": "prefab\\particlesystem.prefab"
  },
  "5965ffac-69da-4b55-bcde-9225d0613c28": {
    "asset": 1541500800000,
    "meta": 1546845954777,
    "relativePath": "prefab\\progressBar.prefab"
  },
  "4a37dd57-78cd-4cec-aad4-f11a73d12b63": {
    "asset": 1541500800000,
    "meta": 1546845954786,
    "relativePath": "prefab\\richtext.prefab"
  },
  "32044bd2-481f-4cf1-a656-e2b2fb1594eb": {
    "asset": 1541500800000,
    "meta": 1546845954787,
    "relativePath": "prefab\\scrollview.prefab"
  },
  "0004d1cf-a0ad-47d8-ab17-34d3db9d35a3": {
    "asset": 1541500800000,
    "meta": 1546845954802,
    "relativePath": "prefab\\slider.prefab"
  },
  "1f55e3be-b89b-4b79-88de-47fd31018044": {
    "asset": 1541500800000,
    "meta": 1546845954803,
    "relativePath": "prefab\\sprite_splash.prefab"
  },
  "96083d03-c332-4a3f-9386-d03e2d19e8ee": {
    "asset": 1541500800000,
    "meta": 1546845954806,
    "relativePath": "prefab\\sprite.prefab"
  },
  "7de03a80-4457-438d-95a7-3e7cdffd6086": {
    "asset": 1541500800000,
    "meta": 1546845954807,
    "relativePath": "prefab\\tiledmap.prefab"
  },
  "0e42ba95-1fa1-46aa-b2cf-143cd1bcee2c": {
    "asset": 1541500800000,
    "meta": 1546845954816,
    "relativePath": "prefab\\tiledtile.prefab"
  },
  "0d784963-d024-4ea6-a7db-03be0ad63010": {
    "asset": 1541500800000,
    "meta": 1546845954815,
    "relativePath": "prefab\\toggle.prefab"
  },
  "bf0a434c-84dd-4a8e-a08a-7a36f180cc75": {
    "asset": 1541500800000,
    "meta": 1546845954820,
    "relativePath": "prefab\\toggleContainer.prefab"
  },
  "d1b8be49-b0a0-435c-83b7-552bed4bbe35": {
    "asset": 1541500800000,
    "meta": 1546845954821,
    "relativePath": "prefab\\toggleGroup.prefab"
  },
  "232d2782-c4bd-4bb4-9e01-909f03d6d3b9": {
    "asset": 1541500800000,
    "meta": 1546845954825,
    "relativePath": "prefab\\videoplayer.prefab"
  },
  "8c5001fd-07ee-4a4b-a8a0-63e15195e94d": {
    "asset": 1541500800000,
    "meta": 1546845954825,
    "relativePath": "prefab\\webview.prefab"
  },
  "0aee297b-eb10-40d1-ae10-dd05edeca5c7": {
    "asset": 1545385804351,
    "meta": 1545385805265,
    "relativePath": "Script\\gameStar.js"
  },
  "02f3840d-3bac-4771-849e-0b3d1f94b202": {
    "asset": 1545386375876,
    "meta": 1545386377078,
    "relativePath": "Script\\game.js"
  }
}