{
  "__type__": "cc.SpriteAtlas",
  "_name": "game.plist",
  "_objFlags": 0,
  "_native": "",
  "_spriteFrames": {
    "2": {
      "__uuid__": "00946029-dae6-4f73-b9a4-94db6967913b"
    },
    "4": {
      "__uuid__": "71eb0601-062d-448b-9c0f-85b32b8ac808"
    },
    "8": {
      "__uuid__": "9e096736-c5c6-426b-82de-5a658b6987a7"
    },
    "16": {
      "__uuid__": "109b2968-c79b-416a-af38-7ca214c14fb1"
    },
    "32": {
      "__uuid__": "6295aa87-ea6d-44df-b3a5-8724cb43d110"
    },
    "64": {
      "__uuid__": "4e908d51-29be-4104-8432-eaa3857a5857"
    },
    "128": {
      "__uuid__": "819b5ed3-13a7-4175-ad43-c6d3da106ddd"
    },
    "256": {
      "__uuid__": "96c7a476-ea9c-4c77-b478-de750fcb09f1"
    },
    "512": {
      "__uuid__": "d2e8c540-7bd1-4a5d-b853-d3e0fd0d8c7e"
    },
    "1024": {
      "__uuid__": "758e2c47-f1ae-45ee-94db-2aa2349ef1c4"
    },
    "2048": {
      "__uuid__": "ad155db5-01f1-4435-a7a8-3d17c1f036c0"
    },
    "4096": {
      "__uuid__": "95ab07fc-0614-4f7e-9801-585aea745178"
    },
    "8192": {
      "__uuid__": "bb0a3998-a3d9-44e2-885b-7ed3f28d3361"
    },
    "16384": {
      "__uuid__": "a148f243-533b-434b-af23-75d381b612a5"
    },
    "32768": {
      "__uuid__": "207998f9-a30a-4034-b460-aef2ee41955c"
    },
    "65536": {
      "__uuid__": "be1cd122-c67a-4334-88c9-d55c11b9610a"
    },
    "131072": {
      "__uuid__": "ea37a7df-57d0-4881-8a3f-d75348e607db"
    },
    "1024_1": {
      "__uuid__": "d9b8cb7e-2358-4129-a82c-f0a813fa41d7"
    },
    "1024_2": {
      "__uuid__": "46b40c99-76e5-4a1d-8ec3-465c5e4a7355"
    },
    "2048_1": {
      "__uuid__": "75f1375b-7c1f-4c11-bc41-595a64e2bb0a"
    },
    "2048_2": {
      "__uuid__": "f57413e7-58ab-4dd7-9257-154fd50af2a2"
    },
    "yanwu0001": {
      "__uuid__": "ca3d2647-1069-48d5-8c73-2f722bfaffaf"
    },
    "yanwu0002": {
      "__uuid__": "a98806a6-6ebc-4e04-be9b-2c41d9956764"
    },
    "yanwu0003": {
      "__uuid__": "1ad94001-5e45-45cb-886b-a2fa88c9e496"
    },
    "yanwu0004": {
      "__uuid__": "3e99f2ac-20b9-4382-a4e1-e6ec27f91f57"
    }
  }
}